{
  "Profiles": [
    {
      "Name": "Default",
      "Guid": "3AAE5C3C-9F3D-47B3-B197-086E1C97C154",
      "Normal Font": "JetBrainsMonoNF-Regular 14",
      "Non Ascii Font": "Monaco 12",
      "Terminal Type": "xterm-256color",
      "Transparency": 0.08,
      "Window Type": 2,
      "Initial Text": "tmux",
      "Visual Bell": true,
      "Mouse Reporting": true,
      "Scrollback Lines": 1000,
      "Unlimited Scrollback": false,
      "Columns": 80,
      "Rows": 80,
      "ASCII Anti Aliased": true,
      "Non-ASCII Anti Aliased": true,
      "Use Bold Font": true,
      "Use Bright Bold": true,
      "Blinking Cursor": false,
      "Close Sessions On End": true,
      "Ansi 0 Color": {
        "Red Component": 0,
        "Green Component": 0,
        "Blue Component": 0
      },
      "Ansi 1 Color": {
        "Red Component": 0.7333333492279053,
        "Green Component": 0,
        "Blue Component": 0
      },
      "Ansi 2 Color": {
        "Red Component": 0,
        "Green Component": 0.7333333492279053,
        "Blue Component": 0
      },
      "Ansi 3 Color": {
        "Red Component": 0.7333333492279053,
        "Green Component": 0.7333333492279053,
        "Blue Component": 0
      },
      "Ansi 4 Color": {
        "Red Component": 0.3976231561973691,
        "Green Component": 0.4860760478057847,
        "Blue Component": 0.89959716796875,
        "Color Space": "sRGB"
      },
      "Ansi 5 Color": {
        "Red Component": 0.7902193665504456,
        "Green Component": 0.3994709015441912,
        "Blue Component": 0.1888928413391113,
        "Color Space": "sRGB"
      },
      "Ansi 6 Color": {
        "Red Component": 0,
        "Green Component": 0.7333333492279053,
        "Blue Component": 0.7333333492279053
      },
      "Ansi 7 Color": {
        "Red Component": 0.7333333492279053,
        "Green Component": 0.7333333492279053,
        "Blue Component": 0.7333333492279053
      },
      "Ansi 8 Color": {
        "Red Component": 0.3333333432674408,
        "Green Component": 0.3333333432674408,
        "Blue Component": 0.3333333432674408
      },
      "Ansi 9 Color": {
        "Red Component": 1,
        "Green Component": 0.3333333432674408,
        "Blue Component": 0.3333333432674408
      },
      "Ansi 10 Color": {
        "Red Component": 0.3333333432674408,
        "Green Component": 1,
        "Blue Component": 0.3333333432674408
      },
      "Ansi 11 Color": {
        "Red Component": 1,
        "Green Component": 1,
        "Blue Component": 0.3333333432674408
      },
      "Ansi 12 Color": {
        "Red Component": 0.5611827932298183,
        "Green Component": 0.5818293527872935,
        "Blue Component": 0.905029296875,
        "Color Space": "sRGB"
      },
      "Ansi 13 Color": {
        "Red Component": 1,
        "Green Component": 0.7553875399426033,
        "Blue Component": 0.4651724100112915,
        "Color Space": "sRGB"
      },
      "Ansi 14 Color": {
        "Red Component": 0.3333333432674408,
        "Green Component": 1,
        "Blue Component": 1
      },
      "Ansi 15 Color": {
        "Red Component": 1,
        "Green Component": 1,
        "Blue Component": 1
      },
      "Background Color": {
        "Red Component": 0,
        "Green Component": 0,
        "Blue Component": 0
      },
      "Foreground Color": {
        "Red Component": 0.7333333492279053,
        "Green Component": 0.7333333492279053,
        "Blue Component": 0.7333333492279053
      },
      "Bold Color": {
        "Red Component": 1,
        "Green Component": 1,
        "Blue Component": 1
      },
      "Cursor Color": {
        "Red Component": 0.7333333492279053,
        "Green Component": 0.7333333492279053,
        "Blue Component": 0.7333333492279053
      },
      "Cursor Text Color": {
        "Red Component": 1,
        "Green Component": 1,
        "Blue Component": 1
      },
      "Selected Text Color": {
        "Red Component": 0,
        "Green Component": 0,
        "Blue Component": 0
      }
    }
  ]
}
